party,total_votes_21,vote_share_2021,total_votes_26,vote_share_2026
TVK,0.0,0.0,17226209.0,34.92451289704686
DMK,17430100.0,37.69771288012075,11929144.0,24.18521355910225
AIADMK,15390974.0,33.28750373190077,10462146.0,21.211013572852114
NTK,3041974.0,6.579162623323587,1972537.0,3.9991325947805536
INC,1976527.0,4.274820416739229,1661312.0,3.368153281434047
BJP,1213510.0,2.624571950657502,1467024.0,2.9742526987961933
PMK,1758774.0,3.8038655700782837,1070745.0,2.1708344280478915
DMDK,200156.0,0.4328961634892197,589500.0,1.1951556115921458
VCK,457763.0,0.9900469957798702,540056.0,1.09491256823411
IND,643805.0,1.3924174870359973,524744.0,1.0638689334169786
AMMK,1085915.0,2.348610270865705,425345.0,0.8623468424302989
CPI,504537.0,1.0912095147702814,326488.0,0.661923605288374
CPI(M),390819.0,0.8452609250719106,293817.0,0.5956862363548252
NOTA,345538.0,0.7473274572820101,199801.0,0.4050776698078411
IUML,222263.0,0.48070904687146243,142465.0,0.2888343413154793
All India Puratchi Thalaivar Makkal Munnettra Kazhagam,0.0,0.0,133473.0,0.2706039100017616
Puthiya Tamilagam,39614.0,0.0856769151085251,93652.0,0.18987059090216732
Tamizhaga Vaazhvurimai Katchi,0.0,0.0,74809.0,0.15166818684918887
Bahujan Samaj Party,0.0,0.0,53369.0,0.10820061040722855
Aanaithinthiya Jananayaka Pathukappu Kazhagam,562.0,0.0012154901370977711,22964.0,0.046557342603226526
Republican Party of India (Athawale),0.0,0.0,11047.0,0.022396749857944757
Naadaalum Makkal Katchi,1705.0,0.0036875634942201067,9715.0,0.01969624557526327
Veerath Thiyagi Viswanathadoss Thozhilalarkal Katchi,7324.0,0.015840302071359565,5624.0,0.011402129193544068
Samaniya Makkal Nala Katchi,1933.0,0.004180680489341622,5144.0,0.010428974497082268
Anti Corruption Dynamic Party,0.0,0.0,4558.0,0.009240914805151825
Naam Indiar Party,4073.0,0.008809059303201463,4474.0,0.00907061273327101
All India Forward Bloc,0.0,0.0,4455.0,0.009032092026536064
Party for the Rights of Other backward Classes,0.0,0.0,4101.0,0.008314390437895487
Thamizhaka Padaippalar Makkal Katchi,0.0,0.0,4020.0,0.00815017058286756
Communist Party of India (Marxist-Leninist) (Liberation),0.0,0.0,3983.0,0.008075156575015296
Vishwa Tamil Kazhagam,0.0,0.0,3576.0,0.007250002488640396
Ganasangam Party of India,3246.0,0.007020428798966842,3235.0,0.006558657173028994
Anna Puratchi Thalaivar Amma Dravida Munnetra Kazhagam,6934.0,0.014996812474441184,3034.0,0.006151148643885615
Puthiya Makkal Tamil Desam Katchi,0.0,0.0,2651.0,0.005374652292333805
Thakkam Katchi,0.0,0.0,2416.0,0.00489821197219105
Desiya Makkal Sakthi Katchi,4125.0,0.008921524582790582,2279.0,0.004620457402575912
Indhu Dravida Makkal Katchi,0.0,0.0,2112.0,0.0042818806644319115
Tamilar Makkal Katchi,0.0,0.0,2056.0,0.0041683459498447015
Rashtriya Samaj Dal (R),0.0,0.0,1760.0,0.003568233887026593
Republican Party of India,0.0,0.0,1692.0,0.0034303703050278384
Tamilaga Makkal Nala Katchi,0.0,0.0,1555.0,0.0031526157354126996
Nam Naadu Nam Makkal Nam Ethirkaalam Katchi,0.0,0.0,1466.0,0.002972176635443742
Anaithinthiya Anna Dravida Makkal Seyal katchi,0.0,0.0,1462.0,0.0029640670129732266
All India Jananayaka Makkal Kazhagam,2337.0,0.005054449199995536,1415.0,0.0028687789489446757
All India Youth Development Party,280.0,0.0006055822747106333,1203.0,0.0024389689580073814
Anna Makkal Katchi,0.0,0.0,1197.0,0.002426804524301609
Thamizh Desiya Munnetra Kazhagam,0.0,0.0,1109.0,0.002248392829950279
Vanchit Bahujan Aaghadi,0.0,0.0,1027.0,0.002082145569304722
Makkal Arasial Katchi,0.0,0.0,1008.0,0.002043624862569776
Tamizhaga Murpokku Makkal Katchi,667.0,0.0014425834901142587,998.0,0.0020233508063934886
Ezhuchi Tamilargal Munnetra Kazhagam,268.0,0.0005796287486516062,802.0,0.0016259793053382545
Communist Party of India (Marxist-Leninist) Red Star,0.0,0.0,790.0,0.0016016504379267093
Bahujan Dravida Party,1508.0,0.0032614931080844106,780.0,0.0015813763817504219
Republican Party of India (A),0.0,0.0,763.0,0.0015469104862507333
Namadhu Makkal Katchi,1478.0,0.0031966092929368427,756.0,0.0015327186469273318
Samata Party,291.0,0.0006293730069314083,712.0,0.0014435127997516673
Socialist Unity Centre Of India (COMMUNIST),0.0,0.0,642.0,0.001301594406517655
Tamil Telugu National Party,176.0,0.00038065171553239806,642.0,0.001301594406517655
Vada Tamil Nadu Munnetra Katchi,0.0,0.0,635.0,0.0012874025671942538
Nationalist Janshakti Party,0.0,0.0,588.0,0.0011921145031657027
Jebamani Janata,113.0,0.00024439570372250557,586.0,0.0011880596919304452
All India Uzhavargal Uzhaippalargal Katchi,1594.0,0.003447493378174105,578.0,0.0011718404469894153
Mannin Maithargal Kazhagam,0.0,0.0,524.0,0.0010623605436374628
Our Mahathma National Party,0.0,0.0,508.0,0.0010299220537554029
Thamizh Perarasu Katchi,0.0,0.0,505.0,0.0010238398369025166
Viro Ke Vir Indian Party,0.0,0.0,498.0,0.0010096479975791155
Dravida Jananayaga Makkal Katchi,0.0,0.0,486.0,0.0009853191301675704
New Generation People's Party,0.0,0.0,476.0,0.000965045073991283
Makkal Nalvaazhvuk Katchi,104.0,0.00022493055917823524,461.0,0.0009346339897268518
Indian National League,0.0,0.0,457.0,0.0009265243672563369
Akila Inthiya Makkal Marumalarchi Kazhakam,0.0,0.0,425.0,0.000861647387492217
MAKKAL SAKTHI KATCHI,112.0,0.00024223290988425336,424.0,0.0008596199818745884
Rashtriya Janata Dal,0.0,0.0,402.0,0.0008150170582867559
Tamil Nadu Ilangyar Katchi,22953.0,0.04964260696940417,355.0,0.0007197289942582048
Ahimsa Socialist Party,2716.0,0.005874148064693143,321.0,0.0006507972032588275
Tamil Manila Murpokku Dravida Kazhagam,0.0,0.0,319.0,0.00064674239202357
Democratic National Allegiance,0.0,0.0,311.0,0.00063052314708254
Makkal Munnetra Katchi,0.0,0.0,305.0,0.0006183587133767675
Anna MGR Dravida Makkal Kalgam,3157.0,0.006827940147362391,295.0,0.00059808465720048
Parivartan Rajniti Party,0.0,0.0,291.0,0.0005899750347299651
Makkal Nala Kazhagam,519.0,0.0011224900020529239,285.0,0.0005778106010241927
Ahila India Dhayaga Makkal Munnetra Katchi,0.0,0.0,283.0,0.0005737557897889351
National Maha Sabha Party,0.0,0.0,278.0,0.0005636187617007914
Desa Makkal Munnetrak Kazhagam,0.0,0.0,278.0,0.0005636187617007914
Bharat Jan Chikitsa Party,0.0,0.0,276.0,0.0005595639504655339
Periyar Ambedkar Munnetra Kazhagam (PAMK),0.0,0.0,274.0,0.0005555091392302764
Kamarajar Deseeya Congress,67.0,0.00014490718716290155,244.0,0.000494686970701414
Vidial Valarchi Perani,105.0,0.0002270933530164875,235.0,0.0004764403201427553
Anaithindia Samudaya Munnetra Kazhagam,112.0,0.00024223290988425336,224.0,0.0004541388583488391
India Suyarajya Party,0.0,0.0,224.0,0.0004541388583488391
Viduthalai Kalam Katchi,0.0,0.0,211.0,0.00042778258531966544
Namathu Kongu Munnetra Kalagam,425.0,0.0009191873812572114,200.0,0.0004054811235257492
Thamizhaga Munnetra Congress,116.0,0.0002508840852372624,186.0,0.00037709744487894674
Bharatha Makkal Katchi,0.0,0.0,183.0,0.00037101522802606053
All India Majlis-E-Inquilab-E-Millat,0.0,0.0,168.0,0.00034060414376162933
Makkal Sananayaga Kudiyarasu Katchi,0.0,0.0,149.0,0.00030208343702668315
MGR Makkal Katchi,504.0,0.00109004809447914,131.0,0.0002655901359093657
Proutist Sarva Samaj,0.0,0.0,130.0,0.000263562730291737
Thamizhaga Dravidar Katchi,0.0,0.0,120.0,0.0002432886741154495
Makkal Murasu Katchi,0.0,0.0,94.0,0.00019057612805710214
Indian Christian Front,0.0,0.0,85.0,0.0001723294774984434
Indhia Kudiarasu Katchi,110.0,0.0002379073222077488,82.0,0.00016624726064555718
Tamilnadu Mahatma Gandhi Makkal Katchi,162.0,0.0003503726017968664,71.0,0.00014394579885164098
ALL PENSIONER'S PARTY,0.0,0.0,55.0,0.00011150730896958103
Makkalatchi Katchi,255.0,0.0005515124287543268,46.0,9.326065841092231e-05
Anna MGR Dravida Munnetra Kazhagam,160.0,0.0003460470141203619,0.0,0.0
BSP,101326.0,0.2191472484547487,0.0,0.0
Anaithu Makkal Munnetra Kazhagam,232.0,0.0005017681704745248,0.0,0.0
Anaithu Makkal Puratchi Katchi,7040.0,0.015226068621295923,0.0,0.0
Anaithu Ulaga Tamilargal Munnetra Kalagam,497.0,0.001074908537611374,0.0,0.0
Ambedkarite Party of India,1203.0,0.002601840987417471,0.0,0.0
Akila India Vallalar Peravai,379.0,0.0008196988646976072,0.0,0.0
Akhila India Jananayaka Makkal Katchi (Dr. Isaac),168.0,0.00036334936482638,0.0,0.0
Akhil Bharat Hindu Mahasabha,1930.0,0.004174192107826866,0.0,0.0
All  India  Pattali  Munnetra Katchi,351.0,0.0007591406372265439,0.0,0.0
All Pensioner’s Party,482.0,0.0010424666300375902,0.0,0.0
All India MGR Makkal Munnetra Kazhagam,622.0,0.001345257767392907,0.0,0.0
AISMK,6583.0,0.01423767183721464,0.0,0.0
AITC,963.0,0.0020827704662369283,0.0,0.0
AIMIM,3134.0,0.0067781958890825895,0.0,0.0
Anna Dravidar Kazhagam,4198.0,0.009079408532982995,0.0,0.0
Ambedkar Political Party,177.0,0.0003828145093706503,0.0,0.0
Anaithu Makkal Arasiyal Katchi,3255.0,0.007039893943511112,0.0,0.0
Desiya Sirupanmayinar Makkal Iyakkam,1264.0,0.0027337714115508592,0.0,0.0
Bhartiya Manavadhikaar Federal Party,63.0,0.0001362560118098925,0.0,0.0
CPI(ML)(L),5135.0,0.011105946359425365,0.0,0.0
Desa Makkal Munnetrak Kazhgam,200.0,0.00043255876765045236,0.0,0.0
IJK,39288.0,0.08497184431725487,0.0,0.0
Dhesiya Makkal Kazhagam,3532.0,0.007638987836706989,0.0,0.0
Dravida Murpokku Makkal Katchi,197.0,0.0004260703861356956,0.0,0.0
Mahathma Makkal Munnetra Kazhakam,52.0,0.00011246527958911762,0.0,0.0
Hindustan Janta Party,73.0,0.0001578839501924151,0.0,0.0
Ilantamilar Munnani Kazhagam,146.0,0.0003157679003848302,0.0,0.0
India Dravida Makkal Munnetra Katchi,956.0,0.0020676309093691624,0.0,0.0
Nam India Naam Indiyar Katchi,375.0,0.0008110476893445983,0.0,0.0
NPP,1187.0,0.0025672362860054347,0.0,0.0
NCP,3371.0,0.007290778028748376,0.0,0.0
My India Party,11602.0,0.02509273411140274,0.0,0.0
"Makkal Thilagam Munnetra Kazhagam,",102.0,0.0002206049715017307,0.0,0.0
"Makkal Sananayaga Kudiyarasu Katchi,",295.0,0.0006380241822844172,0.0,0.0
Manitha Urimaigal Kalaagam,527.0,0.001139792352758942,0.0,0.0
Makkal Munnetra Peravai,1276.0,0.0027597249376098863,0.0,0.0
LJP,970.0,0.002097910023104694,0.0,0.0
MNM,1210337.0,2.617709405808728,0.0,0.0
JD(S),1189.0,0.0025715618736819393,0.0,0.0
Kongu  Desa  Marumalarchi  Makkal  Katchi,943.0,0.002039514589471883,0.0,0.0
RJD,478.0,0.0010338154546845812,0.0,0.0
National Democratic Party of South India,1073.0,0.002320677788444677,0.0,0.0
New Generation People’s Party,5403.0,0.011685575108076971,0.0,0.0
People's Party of India(secular),331.0,0.0007158847604614986,0.0,0.0
SP,162.0,0.0003503726017968664,0.0,0.0
SUCI,855.0,0.001849188731705684,0.0,0.0
SDPI,28051.0,0.0606685299568142,0.0,0.0
SHS,1205.0,0.0026061665750939755,0.0,0.0
RSPS,361.0,0.0007807685756090665,0.0,0.0
RPI(A),2510.0,0.005428612534013178,0.0,0.0
Rashtriya Ulama Council,82.0,0.00017734909473668547,0.0,0.0
Republican Party of India  (Sivaraj),62.0,0.00013409321797164023,0.0,0.0
Tamilnadu Makkal Nalvazhvu Periyakkam,120.0,0.00025953526059027145,0.0,0.0
Tamilaga Makkal Thannurimai Katchi,2690.0,0.005817915424898584,0.0,0.0
South India Forward Bloc,404.0,0.0008737687106539137,0.0,0.0
Tipu Sultan Party,2050.0,0.004433727368417136,0.0,0.0
Universal Brotherhood Movement,99.0,0.00021411658998697394,0.0,0.0
United States of India Party,1980.0,0.004282331799739479,0.0,0.0
Ulaga Makkal Katchi,235.0,0.0005082565519892815,0.0,0.0
Valamaana  Tamizhagam   Katchi,261.0,0.0005644891917838404,0.0,0.0
