ac_number,constituency,district,region,reserved,candidate_2021,party_2021,votes_2021,turnout_2021,candidate_2026,party_2026,votes_2026,turnout_2026,seat_flipped
1,Gummidipundi,Tiruvallur,Chennai Metro,GEN,GOVINDARAJAN T.J,DMK,126452,78.08,S.VIJAYAKUMAR,TVK,94320,91.48,True
2,Ponneri,Tiruvallur,Chennai Metro,SC,DURAI. CHANDRASEKAR,INC,94528,78.2,DR.RAVI.M.S,TVK,110439,90.21,True
3,Tiruttani,Tiruvallur,Chennai Metro,GEN,S.Chandran,DMK,120314,78.76,G.HARI,AIADMK,89169,90.97,True
4,Thiruvallur,Tiruvallur,Chennai Metro,GEN,"RAAJENDRAN, V.G.",DMK,107709,77.2,DR. T. ARUNKUMAR,TVK,92190,90.17,True
5,Poonamallee,Tiruvallur,Chennai Metro,SC,Krishnaswamy A,DMK,149578,72.99,PRAKASAM.R,TVK,161309,83.78,True
6,Avadi,Tiruvallur,Chennai Metro,GEN,Nasar S M,DMK,150287,67.37,R.RAMESH KUMAR,TVK,180384,79.26,True
7,Maduravoyal,Tiruvallur,Chennai Metro,GEN,GANAPATHY.K,DMK,121298,60.3,RHEVANTH CHARAN,TVK,141725,78.67,True
8,Ambattur,Tiruvallur,Chennai Metro,GEN,JOSEPH SAMUEL,DMK,114554,62.01,BALAMURUGAN.G,TVK,133339,77.13,True
9,Madavaram,Tiruvallur,Chennai Metro,GEN,SUDHARSANAM. S,DMK,151485,66.37,M.L.VIJAYPRABHU,TVK,190462,83.82,True
10,Thiruvottiyur,Tiruvallur,Chennai Metro,GEN,K.P.SHANKAR,DMK,88185,65.15,SENTHIL KUMAR. N,TVK,110067,84.55,True
11,Dr. Radhakrishnan Nagar,Chennai,Chennai Metro,GEN,EBENEZER. J.J. (@)  JOHN EBENEZER.J,DMK,95763,70.98,N. MARIE WILSON,TVK,97800,90.88,True
12,Perambur,Chennai,Chennai Metro,GEN,SHEKAR. R.D,DMK,105267,63.0,C. JOSEPH VIJAY,TVK,120365,90.3,True
13,Kolathur,Chennai,Chennai Metro,GEN,M.K. STALIN,DMK,105522,61.04,V. S. BABU,TVK,82997,86.88,True
14,Villivakkam,Chennai,Chennai Metro,GEN,A . Vetriazhagan,DMK,76127,55.92,AADHAV ARJUNA,TVK,66445,86.56,True
15,Thiru-Vi-Ka-Nagar,Chennai,Chennai Metro,SC,SIVAKUMAR.P,DMK,81727,60.62,M. R. PALLAVI,TVK,69125,79.22,True
16,Egmore,Chennai,Chennai Metro,SC,I.PARANTHAMEN,DMK,68832,61.13,RAJMOHAN,TVK,53901,86.27,True
17,Royapuram,Chennai,Chennai Metro,GEN,MURTHY.R.IDREAM,DMK,64424,62.6,K.V. VIJAY DAMU,TVK,59091,79.76,True
18,Harbour,Chennai,Chennai Metro,GEN,SEKARBABU. P.K,DMK,59317,57.64,P K SEKARBABU,DMK,45254,82.92,False
19,Chepauk-Thiruvallikeni,Chennai,Chennai Metro,GEN,UDHAYANIDHI STALIN,DMK,93285,58.33,UDHAYANIDHI STALIN,DMK,62992,84.76,False
20,Thousand Lights,Chennai,Chennai Metro,GEN,EZHILAN N,DMK,71867,56.25,PRABHAKAR.J.C.D,TVK,58965,83.67,True
21,Anna Nagar,Chennai,Chennai Metro,GEN,M.K. Mohan,DMK,80054,57.33,V.K.RAMKUMAR,TVK,71375,86.46,True
22,Virugampakkam,Chennai,Chennai Metro,GEN,AMV.PRABHAKARA RAJA,DMK,74351,57.59,SABARINATHAN.R,TVK,76092,86.15,True
23,Saidapet,Chennai,Chennai Metro,GEN,SUBRAMANIAN. MA,DMK,80194,57.36,ARUL PRAKASAM. M,TVK,81205,78.56,True
24,Theayagaraya Nagar,Chennai,Chennai Metro,GEN,KARUNANITHI J,DMK,56035,55.99,ANAND N,TVK,51632,84.34,True
25,Mylapore,Chennai,Chennai Metro,GEN,VELU.DHA,DMK,68392,56.6,VENKATARAMANAN. P,TVK,70070,75.49,True
26,Velachery,Chennai,Chennai Metro,GEN,JMH.AASSAN MAULAANA,INC,68493,56.18,KUMAR. R,TVK,80430,85.09,True
27,Shozhinganallur,Kanchipuram,Chennai Metro,GEN,S.ARAVINDRAMESH,DMK,171558,55.51,ECR P SARAVANAN,TVK,220382,80.74,True
28,Alandur,Kanchipuram,Chennai Metro,GEN,T.M.Anbarasan,DMK,116785,60.82,M.HARISH,TVK,112205,86.86,True
29,Sriperumbudur,Kanchipuram,Chennai Metro,SC,SELVAPERUNTHAGAI,INC,115353,73.94,THENNARASU.K,TVK,147611,86.72,True
30,Pallavaram,Kanchipuram,Chennai Metro,GEN,KARUNANITHI,DMK,126427,60.86,J.KAMATCHI,TVK,133611,84.17,True
31,Tambaram,Kanchipuram,Chennai Metro,GEN,Raja.S.R,DMK,116840,59.55,D.SARATHKUMAR,TVK,118967,84.44,True
32,Chengalpattu,Kanchipuram,Chennai Metro,GEN,VARALAKSHMI.M,DMK,130573,63.54,S. THIYAGARAJAN,TVK,137136,86.89,True
33,Thiruporur,Kanchipuram,North,GEN,S.S.Balaji,VCK,93954,76.36,B.VIJAYARAJ,TVK,110095,89.12,True
34,Cheyyur,Kanchipuram,North,SC,Babu M,VCK,82750,77.88,RAJASEKAR. E,AIADMK,63809,91.93,True
35,Maduranthakam,Kanchipuram,North,SC,Maragatham. K,AIADMK,86646,80.65,MARAGATHAM KUMARAVEL.K,AIADMK,69284,93.22,False
36,Uthiramerur,Kanchipuram,North,GEN,SUNDAR K,DMK,93427,80.1,MUNIRATHINAM.J,TVK,84917,92.49,True
37,Kancheepuram,Kanchipuram,North,GEN,C.V.M.P. Ezhailzrasan,DMK,102712,73.28,R.V. RANJITHKUMAR,TVK,91350,88.34,True
38,Arakonam,Vellore,North,SC,S.RAVI,AIADMK,85399,74.89,V. GANDHIRAJ,TVK,73776,90.72,True
39,Sholinghur,Vellore,North,GEN,A.M.MUNIRATHINAM,INC,110228,80.09,G.KAPIL,TVK,84506,90.55,True
40,Katpadi,Vellore,North,GEN,DURAIMURUGAN,DMK,85140,74.0,DR M SUDHAKAR,TVK,69868,88.42,True
41,Ranipet,Vellore,North,GEN,R.GANDHI,DMK,103291,77.24,THAHIRA,TVK,91149,88.78,True
42,Arcot,Vellore,North,GEN,J.L.Eswarappan,DMK,103885,79.62,S.M.SUKUMAR,AIADMK,105608,91.49,True
43,Vellore,Vellore,North,GEN,Karthikeyan .P,DMK,84299,70.25,M.M.VINOTH KANNAN,TVK,73032,88.64,True
44,Anaikattu,Vellore,North,GEN,A.P.Nandakumar,DMK,95159,77.05,D.VELAZHAGAN,AIADMK,76302,89.89,True
45,Kilvaithinankuppam,Vellore,North,SC,M.JAGAN MOORTHY,AIADMK,84579,76.5,THENRAL KUMAR. E,TVK,74305,87.5,True
46,Gudiyatham,Vellore,North,SC,Amulu.V,DMK,100412,72.56,K.SINDU,TVK,82858,90.88,True
47,Vaniayambadi,Vellore,North,GEN,G.SENDHIL KUMAR,AIADMK,88018,75.55,SYED FAROOQ BASHA SSB,IUML,73181,87.35,True
48,Ambur,Vellore,North,GEN,VILWANATHAN.A.C,DMK,90476,74.01,VILWANATHAN. A.C.,DMK,74102,91.01,False
49,Jolarpet,Vellore,North,GEN,DEVARAJI.K.,DMK,89490,80.98,VEERAMANI K.C.,AIADMK,78633,89.72,True
50,Tiruppattur,Vellore,North,GEN,A. NALLATHAMBI,DMK,96522,76.97,DR.THIRUPATHI. N,TVK,105098,89.26,True
51,Uthangarai,Krishnagiri,North,SC,T.M.TAMILSELVAM,AIADMK,99675,78.37,N ELAIYARAJA,TVK,70201,87.12,True
52,Bargur,Krishnagiri,North,GEN,MATHIAZHAGAN D,DMK,97256,79.08,E.C. GOVINDARASAN,AIADMK,71240,88.97,True
53,Krishnagiri,Krishnagiri,North,GEN,Ashokkumar.K,AIADMK,96050,78.5,MUKUNDHAN.P,TVK,89374,85.44,True
54,Veppanahalli,Krishnagiri,North,GEN,K.P.Munusamy,AIADMK,94104,81.31,SRINIVASAN.P.S,DMK,74691,90.22,True
55,Hosur,Krishnagiri,North,GEN,PRAKAASH Y,DMK,118231,70.09,BALAKRISHNAREDDY. P,AIADMK,109867,80.97,True
56,Thalli,Krishnagiri,North,GEN,RAMACHANDRAN.T,CPI,120641,77.06,RAMACHANDRAN. T,CPI,78283,86.52,False
57,Palacode,Dharmapuri,North,GEN,ANBALAGAN.K.P.,AIADMK,110070,87.37,ANBALAGAN. K.P.,AIADMK,102807,93.52,False
58,Pennagaram,Dharmapuri,North,GEN,MANI. G.K,PMK,106123,85.0,GAJENDRAN. S.,TVK,81240,91.9,True
59,Dharmapuri,Dharmapuri,North,GEN,VENKATESHWARAN.S.P.,PMK,105630,79.69,SOWMIYA ANBUMANI,PMK,93713,91.42,False
60,Pappireddippatti,Dharmapuri,North,GEN,GOVINDASAMY.A,AIADMK,114507,82.15,MARAGATHAM VETRIVEL,AIADMK,101829,92.06,False
61,Harur,Dharmapuri,North,SC,SAMPATHKUMAR.V,AIADMK,99061,78.46,SAMPATHKUMAR. V,AIADMK,75523,89.46,False
62,Chengam,Tiruvannamalai,North,SC,GIRI.M.P,DMK,108081,80.66,S.VELU,AIADMK,87802,90.15,True
63,Tiruvannamalai,Tiruvannamalai,North,GEN,E V VELU,DMK,137876,71.69,VELU. E.V,DMK,88273,88.02,False
64,Kilpennathur,Tiruvannamalai,North,GEN,K.Pitchandi,DMK,104675,79.35,RAMACHANDRAN.S,AIADMK,90503,91.12,True
65,Kalasapakkam,Tiruvannamalai,North,GEN,Saravanan.P.S.T,DMK,94134,80.36,AGRI KRISHNAMURTHY. S S,AIADMK,89629,91.67,True
66,Polur,Tiruvannamalai,North,GEN,Agri KRISHNAMURTHY. S S,AIADMK,97732,82.33,ABISHEK. R,TVK,67961,90.07,True
67,Arani,Tiruvannamalai,North,GEN,S.RAMACHANDRAN,AIADMK,102961,79.84,JAYASUDHA. L,AIADMK,76735,89.74,False
68,Cheyyar,Tiruvannamalai,North,GEN,JOTHI. O,DMK,102460,81.69,MUKKUR N. SUBRAMANIAN,AIADMK,86680,92.73,True
69,Vandavasi,Tiruvannamalai,North,SC,Ambethkumar S,DMK,102064,76.81,AMBETHKUMAR. S,DMK,63805,89.53,False
70,Gingee,Villupuram,Central,GEN,MASTHAN K S,DMK,109625,78.21,GANESHKUMAR A,PMK,78201,89.16,True
71,Mailam,Villupuram,Central,GEN,SIVAKUMAR C,PMK,81044,79.5,SHANMUGAM C VE,AIADMK,82353,90.49,True
72,Tindivanam,Villupuram,Central,SC,ARJUNAN P,AIADMK,87152,78.43,VANNI ARASU,VCK,63833,89.39,True
73,Vanur,Villupuram,Central,SC,CHAKRAPANI M,AIADMK,92219,79.79,GOWTHAM D,DMK,68873,91.54,True
74,Villupuram,Villupuram,Central,GEN,LAKSHMANAN R,DMK,102271,76.97,LAKSHMANAN R,DMK,72982,87.57,False
75,Vikravandi,Villupuram,Central,GEN,PUGAZHENTHI N,DMK,93730,81.39,SIVAKUMAR C,PMK,69727,91.29,True
76,Tirukkoyilur,Villupuram,Central,GEN,K.PONMUDY,DMK,110980,76.27,PALANISAMY S,AIADMK,73033,89.28,True
77,Ulundurpet,Villupuram,Central,GEN,MANIKANNAN A J,DMK,115451,82.62,VASANTHAVEL G R,DMK,98471,90.1,False
78,Rishivandiam,Villupuram,Central,GEN,KARTHIKEYAN K,DMK,113912,80.18,KARTHIKEYAN K,DMK,89711,89.46,False
79,Sankarapuram,Villupuram,Central,GEN,UDHAYASURIYAN T,DMK,121186,79.58,RAKESH R,AIADMK,80250,88.54,True
80,Kallakurichi,Villupuram,Central,SC,Senthilkumar.M,AIADMK,110643,78.16,ARUL VIGNESH C,TVK,81132,88.64,True
81,Gangavalli,Salem,Central,SC,"NALLATHAMBI,A.",AIADMK,89568,77.11,NALLATHAMBI. A,AIADMK,73167,90.06,False
82,Attur,Salem,Central,SC,"JAYASANKARAN, A.P.",AIADMK,95308,77.26,JAYASANKARAN. A.P.,AIADMK,80843,91.27,False
83,Yercaud,Salem,Central,ST,G. Chitra,AIADMK,121561,83.09,USHARANI. P,AIADMK,87772,92.91,False
84,Omalur,Salem,Central,GEN,R.MANI,AIADMK,142488,83.28,MANI. R,AIADMK,112246,91.95,False
85,Mettur,Salem,Central,GEN,SADHASIVAM.S,PMK,97055,75.01,VENKATACHALAM. G,AIADMK,86498,90.32,True
86,Edapadi,Salem,Central,GEN,EDAPPADI PALANISWAMI. K,AIADMK,163154,85.64,EDAPPADI PALANISWAMI. K,AIADMK,148933,93.41,False
87,Sankari,Salem,Central,GEN,"SUNDARARAJAN, S.",AIADMK,115472,83.71,VETRIVEL. S,AIADMK,87342,93.55,False
88,Salem (West),Salem,Central,GEN,ARUL. R,PMK,105483,71.81,LAKSHMANAN.S,TVK,120407,90.84,True
89,Salem (North),Salem,Central,GEN,R. RAJENDRAN,DMK,93432,72.14,SIVAKUMAR. K,TVK,85710,88.28,True
90,Salem (South),Salem,Central,GEN,E.BALASUBRAMANIAN,AIADMK,97506,76.0,VIJAY TAMILAN PARTHIBAN. A,TVK,91371,91.64,True
91,Veerapandi,Salem,Central,GEN,"RAJAMUTHU, M.",AIADMK,111682,85.64,PALANIVEL. M.S,TVK,79907,94.16,True
92,Rasipuram,Namakkal,Central,SC,MATHIVENTHAN M,DMK,90727,82.05,LOGESH TAMILSELVAN D,TVK,74808,92.07,True
93,Sendamangalam,Namakkal,Central,ST,PONNUSAMY K,DMK,90681,80.93,P CHANDRASEKAR,TVK,68815,91.37,True
94,Namakkal,Namakkal,Central,GEN,RAMALINGAM P,DMK,106494,78.57,DILIP C S,TVK,79744,89.23,True
95,Paramathi-Velur,Namakkal,Central,GEN,SEKAR S,AIADMK,86034,81.14,SEKAR S,AIADMK,61349,92.02,False
96,Tiruchengode,Namakkal,Central,GEN,ESWARAN E R,DMK,81688,78.71,ARUNRAJ K G,TVK,79500,91.4,True
97,Kumarapalayam,Namakkal,Central,GEN,THANGAMANI.P,AIADMK,100800,78.85,C.VIJAYALAKSHMI,TVK,81179,93.3,True
98,Erode (East),Erode,Kongu,GEN,"THIRUMAHAN EVERAA,E.",INC,67300,66.24,M.VIJAY BALAJI,TVK,69747,90.46,True
99,Erode (West),Erode,Kongu,GEN,Muthusamy S,DMK,100757,69.36,ANANTH MOGHAN K.K.,TVK,96836,88.48,True
100,Modakurichi,Erode,Kongu,GEN,SARASWATHI.C,BJP,78125,75.26,D.SHANMUGAN,TVK,60715,91.84,True
101,Dharapuram,Erode,Kongu,SC,KAYALVIZHI N,DMK,89986,74.15,SATHYABAMA.P,AIADMK,81100,89.89,True
102,Kangayam,Erode,Kongu,GEN,SAMINATHAN.M.P,DMK,94197,77.19,NSN NATARAJ,AIADMK,71122,92.69,True
103,Perundurai,Erode,Kongu,GEN,"JAYAKUMAR, S.",AIADMK,85125,82.6,JAYAKUMAR. S,AIADMK,70302,93.58,False
104,Bhavani,Erode,Kongu,GEN,KARUPPANAN.K.C,AIADMK,100915,83.5,KARUPPANAN. K.C,AIADMK,75577,93.33,False
105,Anthiyur,Erode,Kongu,GEN,VENKATACHALAM.A.G,DMK,79096,79.69,HARIBASKAR.P,AIADMK,60042,89.57,True
106,Gobichettipalayam,Tirupur,Kongu,GEN,SENGOTTAIYAN K.A,AIADMK,108608,82.52,SENGOTTAIYAN.K.A,TVK,82612,91.86,True
107,Bhavanisagar,Tirupur,Kongu,SC,A.Bannari,AIADMK,99181,77.37,V.P.TAMILSELVI,TVK,72391,90.31,True
108,Udhagamandalam,Tirupur,Kongu,GEN,"GANESH, R.",INC,65530,67.82,BHOJARAJAN.M,BJP,48488,78.69,True
109,Gudalur,Tirupur,Kongu,SC,PON.JAYASEELAN,AIADMK,64496,72.15,DHRAVIDAMANI.M,DMK,65590,81.55,True
110,Coonoor,Tirupur,Kongu,GEN,"Ramachandran, K.",DMK,61820,69.79,M. RAJU,DMK,50470,79.44,False
111,Mettupalayam,Tirupur,Kongu,GEN,SELVARAJ A K,AIADMK,105231,75.14,SUNILANAND,TVK,75664,86.57,True
112,Avanashi,Tirupur,Kongu,SC,"DHANAPAL, P",AIADMK,117284,75.18,KAMALI.S,TVK,84209,91.41,True
113,Tiruppur (North),Tirupur,Kongu,GEN,VIJEYAKUMAR.K.N,AIADMK,113384,62.44,V.SATHYABAMA,TVK,131401,83.41,True
114,Tiruppur (South),Nilgiris,Kongu,GEN,SELVARAJ. K.,DMK,75535,62.74,BALAMURUGAN. S,TVK,73793,91.23,True
115,Palladam,Nilgiris,Kongu,GEN,ANANDAN M S M,AIADMK,126903,66.7,K.RAMKUMAR,TVK,121297,91.25,True
116,Sulur,Nilgiris,Kongu,GEN,KANDASAMY V.P.,AIADMK,118968,75.57,NM.SUKUMAR,TVK,90531,88.9,True
117,Kavundampalayam,Coimbatore,Kongu,GEN,G.Arunkumar,AIADMK,135669,66.13,KANIMOZHI SANTHOSH,TVK,146466,86.2,True
118,Coimbatore North,Coimbatore,Kongu,GEN,AMMAN K.ARJUNAN,AIADMK,81454,59.21,V. SAMPATHKUMAR,TVK,92500,76.13,True
119,Thondamuthur,Coimbatore,Kongu,GEN,S.P. VELUMANI,AIADMK,124225,70.22,S.P.VELUMANI,AIADMK,93316,88.13,False
120,Coimbatore South,Coimbatore,Kongu,GEN,VANATHI SRINIVASAN,BJP,53209,60.69,V SENTHILBALAJI,DMK,59724,82.84,True
121,Singanallur,Coimbatore,Kongu,GEN,"Jayaram, K.R",AIADMK,81244,61.73,K.S.SRI GIRI PRASATH,TVK,84163,81.86,True
122,Kinathukadavu,Coimbatore,Kongu,GEN,Damodaran.S,AIADMK,101537,70.64,VIGNESH K,TVK,99950,87.58,True
123,Pollachi,Coimbatore,Kongu,GEN,Pollachi V. Jayaraman,AIADMK,80567,77.34,K. NITHYANANDHAN,DMK,62013,88.82,True
124,Valparai,Coimbatore,Kongu,SC,AMULKANDASAMI T K,AIADMK,71672,70.04,KUTTY (ALIAS) SUDHAKAR. A,DMK,54671,86.62,True
125,Udumalpet,Coimbatore,Kongu,GEN,"Radhakrishnan,K.",AIADMK,96893,71.31,JAYAKUMAR M.,DMK,68549,88.12,True
126,Madathukulam,Coimbatore,Kongu,GEN,C MAHENDRAN,AIADMK,84313,72.45,R JAYARAMAKRISHNAN,DMK,70458,87.62,True
127,Palani,Dindigul,South,GEN,SENTHIL KUMAR I.P,DMK,108566,73.33,RAVIMANOHARAN. K,AIADMK,66986,86.97,True
128,Oddanchatram,Dindigul,South,GEN,SAKKARAPANI R,DMK,109970,83.08,SAKKARAPANI. R,DMK,93099,91.54,False
129,Athoor,Dindigul,South,GEN,PERIYASAMY I,DMK,165809,77.96,I. PERIASAMY,DMK,106240,90.41,False
130,Nilakottai,Dindigul,South,SC,S.Thenmozhi,AIADMK,91461,75.07,AYYANAR.R,TVK,68580,89.18,True
131,Natham,Dindigul,South,GEN,NATHAM.R.VISWANATHAN,AIADMK,107762,78.95,NATHAM VISWANATHAN R,AIADMK,85708,91.49,False
132,Dindigul,Dindigul,South,GEN,SREENIVASAN.C,AIADMK,90595,69.27,SENTHILKUMAR. I.P,DMK,74489,87.57,True
133,Vedasandur,Dindigul,South,GEN,GANDHIRAJAN S,DMK,106481,80.16,SAMINATHAN. T,DMK,84948,92.85,False
134,Aravakurichi,Karur,Kongu,GEN,ELANGO. R,DMK,93369,81.92,ELANGO. R,DMK,70827,92.61,False
135,Karur,Karur,Kongu,GEN,SENTHILBALAJI V,DMK,101757,83.57,M.R. VIJAYABHASKAR,AIADMK,71542,94.25,True
136,Krishnarayapuram,Karur,Kongu,SC,SIVAGAMA SUNDARI.K,DMK,96540,84.17,SATHYA. M,TVK,62378,93.24,True
137,Kulithalai,Karur,Kongu,GEN,R.Manickam,DMK,100829,86.16,SURIYANUR. A. CHANDRAN,DMK,68138,93.6,False
138,Manapparai,Tiruchirappalli,Delta,GEN,ABDUL SAMAD P,DMK,98077,76.02,R. KATHIRAVAN,TVK,83041,89.95,True
139,Srirangam,Tiruchirappalli,Delta,GEN,Palaniyandi.M,DMK,113904,76.15,RAMESH,TVK,103235,88.78,True
140,Tiruchirapalli (West),Tiruchirappalli,Delta,GEN,"Nehru, K.N.",DMK,118133,67.01,K.N.NEHRU,DMK,88235,82.16,False
141,Tiruchirapalli (East),Tiruchirappalli,Delta,GEN,"INIGO IRUDAYARAJ,S.",DMK,94302,66.87,C. JOSEPH VIJAY,TVK,91381,82.86,True
142,Thiruverambur,Tiruchirappalli,Delta,GEN,ANBIL MAHESH POYYAMOZHI,DMK,105424,66.59,VIJAYAKUMAR (A) NAVALPATTU S. VIJI,TVK,89837,82.24,True
143,Lalgudi,Tiruchirappalli,Delta,GEN,A.SOUNDARAPANDIAN,DMK,84914,79.23,LEEMAROSE MARTIN,AIADMK,60795,87.2,True
144,Manachanallur,Tiruchirappalli,Delta,GEN,S. KATHIRAVAN,DMK,116334,79.63,KATHIRAVAN. S,DMK,81447,88.65,False
145,Musiri,Tiruchirappalli,Delta,GEN,N. Thiyagarajan,DMK,90624,75.98,M.VIGNESH,TVK,71281,88.32,True
146,Thuraiyur,Tiruchirappalli,Delta,SC,S.STALINKUMAR,DMK,87786,76.63,RAVISANKAR.M,TVK,66263,87.51,True
147,Perambalur,Perambalur,Central,SC,"PRABHAHARAN, M.",DMK,122090,78.2,SIVAKUMAR. K,TVK,90882,87.25,True
148,Kunnam,Perambalur,Central,GEN,"SIVASANKAR, S.S.",DMK,103922,80.05,SIVASANKAR. S.S,DMK,87237,85.98,False
149,Ariyalur,Ariyalur,Central,GEN,CHINNAPPA K,DMK,103975,84.54,RAJENDRAN S,AIADMK,95219,89.63,True
150,Jayankondam,Ariyalur,Central,GEN,KANNAN KA SO KA,DMK,99529,80.38,VAITHILINGAM G.,PMK,88992,86.62,True
151,Tittakudi,Cuddalore,Central,SC,"GANESAN,  C.V.",DMK,83726,76.3,GANESAN C.V,DMK,63106,84.09,False
152,Vriddhachalam,Cuddalore,Central,GEN,Radhakrishnan,INC,77064,77.02,PREMALLATHA VIJAYAKANT,DMDK,69351,86.86,True
153,Neyveli,Cuddalore,Central,GEN,SABA.RAJENDRAN,DMK,75177,74.25,RAJENDRAN.R,AIADMK,63731,88.21,True
154,Panruti,Cuddalore,Central,GEN,VELMURUGAN.T,DMK,93801,79.6,MOHAN. K,AIADMK,78398,87.15,True
155,Cuddalore,Cuddalore,Central,GEN,G.IYAPPAN,DMK,84563,74.77,B.RAJKUMAR,TVK,70856,85.28,True
156,Kurinjipadi,Cuddalore,Central,GEN,M.R.K.PANNEERSELVAM,DMK,101456,82.06,M.R.K.PANNEERSELVAM,DMK,76695,89.79,False
157,Bhuvanagiri,Cuddalore,Central,GEN,Arunmozhithevan. A,AIADMK,96453,78.57,ARUNMOZHITHEVAN . A,AIADMK,75707,88.84,False
158,Chidambaram,Cuddalore,Central,GEN,K.A. PANDIAN,AIADMK,91961,71.93,THAMIMUN ANSARI. M,DMK,69739,84.98,True
159,Kattumannarkoil,Cuddalore,Central,SC,SINTHANAI SELVAN,VCK,86056,75.87,L.E. JOTHIMANI,VCK,85179,82.96,False
160,Sirkali,Nagapattinam,Delta,SC,PANNEERSELVAM,DMK,94057,74.91,SENTHILSELVAN.R,DMK,71449,83.02,False
161,Mayiladuthurai,Nagapattinam,Delta,GEN,Rajakumar.S,INC,73642,70.14,JAMAL MOHAMED YOUNOOS. Y.N,INC,68011,80.33,False
162,Poompuhar,Nagapattinam,Delta,GEN,Nivedha M. Murugan,DMK,96102,75.19,NIVEDHA M MURUGAN,DMK,81096,84.57,False
163,Nagapattinam,Nagapattinam,Delta,GEN,J. Mohamed Shanavas,VCK,66281,71.97,M.H.JAWAHIRULLAH,DMK,56305,86.6,True
164,Kilvelur,Nagapattinam,Delta,SC,NAGAIMAALI V P,CPI(M),67988,79.43,LATHA. T,CPI(M),56108,88.87,False
165,Vedaranyam,Nagapattinam,Delta,GEN,O.S.MANIAN,AIADMK,78719,80.6,MANIAN. O.S,AIADMK,59172,86.5,False
166,Thiruthuraipundi,Tiruvarur,Delta,SC,MARIMUTHU K,CPI,97092,76.74,MARIMUTHU.K,CPI,74062,84.18,False
167,Mannargudi,Tiruvarur,Delta,GEN,RAJAA T R B,DMK,87172,74.34,KAMARAJ. S,AMMK,68416,82.75,True
168,Thiruvarur,Tiruvarur,Delta,GEN,KALAIVANAN  POONDI  K.,DMK,108906,73.25,KALAIVANAN POONDI  K,DMK,93408,83.75,False
169,Nannilam,Tiruvarur,Delta,GEN,KAMARAJ R,AIADMK,103637,81.08,KAMARAJ. R,AIADMK,103462,86.5,False
170,Thiruvidamarudur,Thanjavur,Delta,SC,"CHEZHIAAN,  GOVI.",DMK,95763,75.76,GOVI.CHEZHIAAN,DMK,79951,81.3,False
171,Kumbakonam,Thanjavur,Delta,GEN,"ANBALAGAN, G.",DMK,96057,71.45,VINOTH,TVK,78650,81.88,True
172,Papanasam,Thanjavur,Delta,GEN,"Dr.JAWAHIRULLAH, M.H.",DMK,86567,74.76,A.M. SHAHJAHAN,IUML,69284,80.95,True
173,Thiruvaiyaru,Thanjavur,Delta,GEN,DURAI.CHANDRASEKARAN,DMK,103210,78.11,DURAI. CHANDRASEKARAN,DMK,80425,85.89,False
174,Thanjavur,Thanjavur,Delta,GEN,"NEELAMEGAM, T.K.G.",DMK,103772,65.72,R. VIJAYSARAVANAN,TVK,87705,78.63,True
175,Orathanad,Thanjavur,Delta,GEN,"VAITHILINGAM, R.",AIADMK,90063,78.29,R. VAITHILINGAM,DMK,86759,83.55,True
176,Pattukkottai,Thanjavur,Delta,GEN,"ANNADURAI, K.",DMK,79065,71.66,ANNADURAI K,DMK,65963,75.79,False
177,Peravurani,Thanjavur,Delta,GEN,"ASHOKKUMAR, N.",DMK,89130,77.02,ASHOKKUMAR. N,DMK,60919,82.38,False
178,Gandharvakottai,Pudukkottai,Delta,SC,M.Chinnadurai,CPI(M),69710,74.45,N. SUBRAMANIAN,TVK,58795,85.47,True
179,Viralimalai,Pudukkottai,Delta,GEN,VIJAYA BASKER C,AIADMK,102179,85.43,VIJAYABASKAR. C,AIADMK,105773,90.57,False
180,Pudukkottai,Pudukkottai,Delta,GEN,V . MUTHURAJA,DMK,85802,72.94,V. MUTHURAJA,DMK,66825,84.23,False
181,Thirumayam,Pudukkottai,Delta,GEN,S.REGUPATHY,DMK,71349,75.85,REGUPATHY.S,DMK,58201,82.77,False
182,Alangudi,Pudukkottai,Delta,GEN,SIVA.V.MEYYANATHAN,DMK,87935,78.47,SIVA.V.MEYYANATHAN,DMK,64929,85.08,False
183,Arantangi,Pudukkottai,Delta,GEN,RAMACHANDRAN T,INC,81835,70.21,MOHAMED FARVAS. J,TVK,73244,79.51,True
184,Karaikudi,Sivaganga,South,GEN,S.Mangudi,INC,75954,66.23,DR.PRABHU. TK,TVK,101358,74.89,True
185,Tiruppattur,Sivaganga,South,GEN,KR.PERIYAKARUPPAN,DMK,103682,71.98,SEENIVASA SETHUPATHY. R,TVK,83375,78.16,True
186,Sivaganga,Sivaganga,South,GEN,PR. Senthilnathan,AIADMK,82153,66.29,KULANTHAI RANI A,TVK,73737,76.83,True
187,Manamadurai,Sivaganga,South,SC,Tamilarasi A.,DMK,89364,72.05,ELANGOVAN.D,TVK,69971,80.18,True
188,Melur,Madurai,South,GEN,PERIYAPULLAN @ SELVAM  P.,AIADMK,83344,74.23,P.VISWANATHAN,INC,60080,82.9,True
189,Madurai East,Madurai,South,GEN,MOORTHY P,DMK,122729,71.34,KARTHIKEYAN S,TVK,118777,80.65,True
190,Sholavandan,Madurai,South,SC,VENKATESAN A,DMK,84240,79.49,KARUPPAIAH.M.V,TVK,63907,87.8,True
191,Madurai North,Madurai,South,GEN,THALAPATHI G,DMK,73010,63.6,A.KALLANAI,TVK,72853,73.11,True
192,Madurai South,Madurai,South,GEN,BOOMINATHAN.M,DMK,62812,63.8,M.M.GOPISON,TVK,62415,78.61,True
193,Madurai Central,Madurai,South,GEN,PALANIVEL THIAGA RAJAN,DMK,73205,61.03,MADHAR BADHURUDEEN,TVK,63414,74.4,True
194,Madurai West,Madurai,South,GEN,RAJU. K,AIADMK,83883,65.12,THANGAPANDI SR,TVK,88250,78.5,True
195,Thiruparankundram,Madurai,South,GEN,"RAJANCHELLAPPA, V.V.",AIADMK,103683,72.73,NIRMALKUMAR. R.,TVK,114316,81.96,True
196,Thirumangalam,Madurai,South,GEN,UDHAYAKUMAR R B,AIADMK,100338,78.13,MANIMARAN.M,DMK,88291,87.84,True
197,Usilampatti,Madurai,South,GEN,AYYAPPAN P,AIADMK,71255,73.82,VIJAY. M,TVK,65743,83.61,True
198,Andipatti,Theni,South,GEN,A.MAHARAJAN,DMK,93541,74.85,MAHARAJAN.A,DMK,74324,84.24,False
199,Periyakulam,Theni,South,SC,K.S.SARAVANAKUMAAR,DMK,92251,69.94,SABARI IYNGARAN G.,TVK,85656,79.23,True
200,Bodinayakanur,Theni,South,GEN,O.PANNEERSELVAM,AIADMK,100050,76.3,PANNEERSELVAM.O,DMK,85206,83.45,True
201,Cumbum,Theni,South,GEN,N.Ramakrishnan,DMK,104800,69.51,JEGANATHMISHRA PLA,TVK,85394,81.83,True
202,Rajapalayam,Virudhunagar,South,GEN,THANGAPANDIAN S.,DMK,74158,73.89,JEGADESHWARI. K,TVK,65548,85.27,True
203,Srivilliputhur,Virudhunagar,South,SC,"MANRAJ, E.M.",AIADMK,70475,73.14,KARTHIK.A,TVK,65653,86.02,True
204,Sattur,Virudhunagar,South,GEN,"RAGHURAMAN,  A.R.R.",DMK,74174,75.17,KADARKARAIRAJ. A,DMK,62060,86.35,False
205,Sivakasi,Virudhunagar,South,GEN,Ashokan.G,INC,78947,70.16,KEERTHANA S,TVK,68709,84.7,True
206,Virudhunagar,Virudhunagar,South,GEN,SEENIVASAN A.R.R,DMK,73297,71.27,SELVAM P,TVK,63653,83.52,True
207,Aruppukottai,Virudhunagar,South,GEN,K.K.S.S.R.RAMACHANDRAN,DMK,91040,75.6,RAMACHANDRAN. K.K.S.S.R,DMK,65104,85.71,False
208,Tiruchuli,Virudhunagar,South,GEN,THANGAM THENARASU,DMK,102225,77.46,THANGAM THENARASU,DMK,75085,88.12,False
209,Paramakudi,Ramanathapuram,South,SC,MURUGESAN S,DMK,84864,70.59,ADVOCATE. KATHIRAVAN. K.K,DMK,59161,80.71,False
210,Tiruvadanai,Ramanathapuram,South,GEN,KARUMANICKAM,INC,79364,68.72,RAJEEV,TVK,69551,77.53,True
211,Ramanathapuram,Ramanathapuram,South,GEN,KATHARBATCHA MUTHURAMALINGAM,DMK,111082,68.81,KATHARBATCHA MUTHURAMALINGAM,DMK,89137,76.03,False
212,Mudukulathur,Ramanathapuram,South,GEN,R.S.RAJAKANNAPPAN,DMK,101901,70.29,R.S.RAJAKANNAPPAN,DMK,68003,77.2,False
213,Vilathikulam,Thoothukudi,South,GEN,MARKANDAYAN V,DMK,90348,76.52,MARKANDAYAN G V,DMK,58395,85.08,False
214,Thoothukkudi,Thoothukudi,South,GEN,P.Geetha Jeevan,DMK,92314,65.07,SRINATH,TVK,100536,81.62,True
215,Tiruchendur,Thoothukudi,South,GEN,Anitha R. Radhakrishnan,DMK,88274,70.04,ANITHA R. RADHAKRISHNAN,DMK,72723,79.83,False
216,Srivaikuntam,Thoothukudi,South,GEN,Amirtharaj .S,INC,76843,72.34,SARAVANAN. G,TVK,58814,82.2,True
217,Ottapidaram,Thoothukudi,South,SC,SHUNMUGAIAH C,DMK,73110,69.82,P .MATHANRAJA,TVK,81625,80.15,True
218,Kovilpatti,Thoothukudi,South,GEN,KADAMBUR RAJU,AIADMK,68556,67.43,KARUNANITHI.K,DMK,61643,80.14,True
219,Sankarankovil,Tirunelveli,South,SC,RAJA E,DMK,71347,71.48,DR. DHILIPAN JAISHANKAR,AIADMK,64865,82.2,True
220,Vasudevanallur,Tirunelveli,South,SC,"SADHAN THIRUMALAIKUMAR, DOCTOR.T",DMK,68730,71.87,E. RAJA,DMK,63045,82.82,False
221,Kadayanallur,Tirunelveli,South,GEN,C.KRISHNAMURALI,AIADMK,88474,70.35,RAJENDRAN. T. M,DMK,79832,82.29,True
222,Tenkasi,Tirunelveli,South,GEN,PALANI NADAR.S,INC,89315,72.4,DR.KALAI KATHIRAVAN,DMK,79699,83.33,True
223,Alangulam,Tirunelveli,South,GEN,PAUL MANOJ PANDIAN,AIADMK,74153,77.4,PAUL MANOJ PANDIAN,DMK,69170,86.36,True
224,Tirunelveli,Tirunelveli,South,GEN,Nainar Nagenthran,BJP,92282,66.91,MURUGHAN.R.S.,TVK,75840,79.05,True
225,Ambasamudram,Tirunelveli,South,GEN,E.SUBAYA,AIADMK,85211,72.03,DR.ESAKKI SUBAYA,AIADMK,65589,83.77,False
226,Palayamcottai,Tirunelveli,South,GEN,ABDUL WAHAB .M,DMK,89117,57.76,M.ABDUL WAHAB,DMK,79744,70.14,False
227,Nanguneri,Tirunelveli,South,GEN,RUBY R MANOHARAN,INC,75902,68.59,REDDIARPATTI V. NARAYANAN,TVK,74952,81.33,True
228,Radhapuram,Tirunelveli,South,GEN,M.Appavu,DMK,82331,68.08,DR.SATHISH CHRISTOPHER,TVK,69947,80.84,True
229,Kanniyakumari,Kanniyakumari,South,GEN,THALAVAI SUNDARAM N.,AIADMK,109745,75.19,THALAVAI SUNDARAM. N,AIADMK,75045,82.59,False
230,Nagercoil,Kanniyakumari,South,GEN,Gandhi M.R.,BJP,88804,67.06,AUSTIN,DMK,69880,75.68,True
231,Colachel,Kanniyakumari,South,GEN,Prince J.G.,INC,90681,67.27,THARAHAI CUTHBERT,INC,66207,74.8,False
232,Padmanabhapuram,Kanniyakumari,South,GEN,"Mano Thangaraj, T.",DMK,87744,70.08,CHELLASWAMY. R,CPI(M),68938,76.13,True
233,Vilavancode,Kanniyakumari,South,GEN,VIJAYADHARANI S,INC,87473,66.83,PRAVEEN T.T,INC,70755,76.49,False
234,Killiyoor,Kanniyakumari,South,GEN,RAJESH KUMAR  S,INC,101541,65.87,RAJESH KUMAR. S,INC,66434,71.79,False
