ac_number,constituency,district,region,reserved,margin_pct_2021,margin_pct_2026
1,Gummidipundi,Tiruvallur,Chennai Metro,GEN,22.937915692870234,12.01821763101986
2,Ponneri,Tiruvallur,Chennai Metro,SC,4.6060450478716835,24.58700549777576
3,Tiruttani,Tiruvallur,Chennai Metro,GEN,12.575228695233509,2.425899714402968
4,Thiruvallur,Tiruvallur,Chennai Metro,GEN,10.595912118482284,10.935043369194622
5,Poonamallee,Tiruvallur,Chennai Metro,SC,35.683410683410685,23.548531211354057
6,Avadi,Tiruvallur,Chennai Metro,GEN,18.3682421318127,22.054883599947978
7,Maduravoyal,Tiruvallur,Chennai Metro,GEN,11.582502647241393,20.943369243969872
8,Ambattur,Tiruvallur,Chennai Metro,GEN,17.53898268407276,22.609294346618665
9,Madavaram,Tiruvallur,Chennai Metro,GEN,18.853980839114634,26.23909524362013
10,Thiruvottiyur,Tiruvallur,Chennai Metro,GEN,18.83087661753235,25.865332612222826
11,Dr. Radhakrishnan Nagar,Chennai,Chennai Metro,GEN,22.71276339779818,27.409688420913213
12,Perambur,Chennai,Chennai Metro,GEN,27.434913442488785,26.281411460779708
13,Kolathur,Chennai,Chennai Metro,GEN,40.5933513276582,4.7785668102862795
14,Villivakkam,Chennai,Chennai Metro,GEN,25.842517280626264,12.231711110482708
15,Thiru-Vi-Ka-Nagar,Chennai,Chennai Metro,SC,41.147827908089994,15.519481873206256
16,Egmore,Chennai,Chennai Metro,SC,32.50412925187179,9.023033623411115
17,Royapuram,Chennai,Chennai Metro,GEN,22.921669100840823,11.188322497565878
18,Harbour,Chennai,Chennai Metro,GEN,26.831283817019187,11.79458352572725
19,Chepauk-Thiruvallikeni,Chennai,Chennai Metro,GEN,50.47487354899749,5.073148549463198
20,Thousand Lights,Chennai,Chennai Metro,GEN,23.879652787994704,11.485768903993202
21,Anna Nagar,Chennai,Chennai Metro,GEN,16.623661384891214,13.07893399616748
22,Virugampakkam,Chennai,Chennai Metro,GEN,10.862455422356538,15.671956998455139
23,Saidapet,Chennai,Chennai Metro,GEN,18.34251249009836,17.776697152760892
24,Theayagaraya Nagar,Chennai,Chennai Metro,GEN,0.0991934199284649,9.72686816797085
25,Mylapore,Chennai,Chennai Metro,GEN,8.233722218601317,19.238482276850338
26,Velachery,Chennai,Chennai Metro,GEN,2.46273639892708,18.020723426128832
27,Shozhinganallur,Kanchipuram,Chennai Metro,GEN,9.116658727195478,21.636727439385638
28,Alandur,Kanchipuram,Chennai Metro,GEN,17.064491842305603,11.319723209848224
29,Sriperumbudur,Kanchipuram,Chennai Metro,SC,4.11674777304342,16.384163726864156
30,Pallavaram,Kanchipuram,Chennai Metro,GEN,14.193032149484964,19.280026227011707
31,Tambaram,Kanchipuram,Chennai Metro,GEN,14.79065582725491,12.776129895376403
32,Chengalpattu,Kanchipuram,Chennai Metro,GEN,9.728662796849177,10.99996913675504
33,Thiruporur,Kanchipuram,North,GEN,0.8587344362653212,14.996055775525994
34,Cheyyur,Kanchipuram,North,SC,2.256587762393926,3.021579665643125
35,Maduranthakam,Kanchipuram,North,SC,1.9209866445690424,3.62873327246773
36,Uthiramerur,Kanchipuram,North,GEN,0.7704401768877447,6.244594208943428
37,Kancheepuram,Kanchipuram,North,GEN,5.053784999476969,6.287832346123086
38,Arakonam,Vellore,North,SC,15.850115511166079,12.68015794669299
39,Sholinghur,Vellore,North,GEN,11.91295307194267,2.433200390270622
40,Katpadi,Vellore,North,GEN,0.40054551507146463,2.8845634087971814
41,Ranipet,Vellore,North,GEN,7.9522996982579945,2.6181018648377203
42,Arcot,Vellore,North,GEN,9.513277499988083,18.920570805984426
43,Vellore,Vellore,North,GEN,5.103419140740082,3.5569761766048904
44,Anaikattu,Vellore,North,GEN,3.215287783423068,3.273421536811546
45,Kilvaithinankuppam,Vellore,North,SC,6.077278261468838,10.666589429781139
46,Gudiyatham,Vellore,North,SC,3.2608798374521566,4.407707485725262
47,Vaniayambadi,Vellore,North,GEN,2.581093385685037,1.4030696265068179
48,Ambur,Vellore,North,GEN,11.37408785797007,3.6460037630890048
49,Jolarpet,Vellore,North,GEN,0.5556178001405596,7.549215647618778
50,Tiruppattur,Vellore,North,GEN,15.188511805518207,23.783663915239618
51,Uthangarai,Krishnagiri,North,SC,15.081578765613129,2.529071181822605
52,Bargur,Krishnagiri,North,GEN,6.377664522913886,1.9821461955505701
53,Krishnagiri,Krishnagiri,North,GEN,0.3751511944360447,8.18660097922939
54,Veppanahalli,Krishnagiri,North,GEN,1.4887321403327467,0.06199238122619133
55,Hosur,Krishnagiri,North,GEN,4.98472377850688,10.009360262087338
56,Thalli,Krishnagiri,North,GEN,28.97918792714228,2.545196669872449
57,Palacode,Dharmapuri,North,GEN,13.601490839565333,17.332202772832808
58,Pennagaram,Dharmapuri,North,GEN,10.073940229666437,1.3841148224921938
59,Dharmapuri,Dharmapuri,North,GEN,12.358914660912056,8.758524430062998
60,Pappireddippatti,Dharmapuri,North,GEN,16.7167434409984,13.994531339145722
61,Harur,Dharmapuri,North,SC,15.29071085035127,1.5128929931558521
62,Chengam,Tiruvannamalai,North,SC,5.166331770484483,5.466514613189953
63,Tiruvannamalai,Tiruvannamalai,North,GEN,45.33365894769101,1.115574418583516
64,Kilpennathur,Tiruvannamalai,North,GEN,13.13822430181572,13.860958187360662
65,Kalasapakkam,Tiruvannamalai,North,GEN,4.694706619017074,12.4879160498209
66,Polur,Tiruvannamalai,North,GEN,4.814070451260321,0.10720543300132708
67,Arani,Tiruvannamalai,North,GEN,1.4126870861973968,2.4465376560857135
68,Cheyyar,Tiruvannamalai,North,GEN,5.721812925487271,9.471626903895404
69,Vandavasi,Tiruvannamalai,North,SC,19.33227225311065,1.7431643689462564
70,Gingee,Villupuram,Central,GEN,17.306167826759474,5.836548935620257
71,Mailam,Villupuram,Central,GEN,1.2599653085784992,15.876144825362937
72,Tindivanam,Villupuram,Central,SC,5.3429970745817315,0.3744401252895024
73,Vanur,Villupuram,Central,SC,11.924284334387075,3.661272440518637
74,Villupuram,Villupuram,Central,GEN,7.257639363467734,1.9120609779873923
75,Vikravandi,Villupuram,Central,GEN,4.944297246626071,0.4349259908904512
76,Tirukkoyilur,Villupuram,Central,GEN,30.415305503600603,0.13114422183160163
77,Ulundurpet,Villupuram,Central,GEN,2.1465940788963174,0.8402152013638275
78,Rishivandiam,Villupuram,Central,GEN,19.398808029529626,1.9861516779345982
79,Sankarapuram,Villupuram,Central,GEN,21.298690466260737,1.4605482150742164
80,Kallakurichi,Villupuram,Central,SC,11.463397355860762,0.31967823864501294
81,Gangavalli,Salem,Central,SC,3.9468534018219543,7.323608519465728
82,Attur,Salem,Central,SC,4.133811948353634,7.353957829243001
83,Yercaud,Salem,Central,ST,10.863287070365473,0.8631975772106375
84,Omalur,Salem,Central,GEN,22.204018038204694,5.362589859065577
85,Mettur,Salem,Central,GEN,0.3003085487223153,8.266805131866468
86,Edapadi,Salem,Central,GEN,37.93029546989297,37.98840716633819
87,Sankari,Salem,Central,GEN,8.630897277467524,3.9039457869627823
88,Salem (West),Salem,Central,GEN,9.924386505899514,31.938892609862336
89,Salem (North),Salem,Central,GEN,3.7494564572874256,6.660275636888264
90,Salem (South),Salem,Central,GEN,11.305517496574693,16.05035064597743
91,Veerapandi,Salem,Central,GEN,8.893527997067526,1.7259141494435613
92,Rasipuram,Namakkal,Central,SC,0.9913460366473001,7.089603283173735
93,Sendamangalam,Namakkal,Central,ST,5.266644916806786,1.2661729148683514
94,Namakkal,Namakkal,Central,GEN,13.475108701435005,5.185530635990635
95,Paramathi-Velur,Namakkal,Central,GEN,4.170998982019303,0.16309671953189123
96,Tiruchengode,Namakkal,Central,GEN,1.5497999122754766,14.740322935088582
97,Kumarapalayam,Namakkal,Central,GEN,15.672155503280921,3.7482223217938473
98,Erode (East),Erode,Kongu,GEN,5.856469148957162,14.752574590804727
99,Erode (West),Erode,Kongu,GEN,10.744774514906679,10.049683830171634
100,Modakurichi,Erode,Kongu,GEN,0.154517010618233,1.2738586383866555
101,Dharapuram,Erode,Kongu,SC,0.7180745498502508,8.365842435882048
102,Kangayam,Erode,Kongu,GEN,3.6688386431652806,3.9958925781441925
103,Perundurai,Erode,Kongu,GEN,7.641577514051084,4.8299333286826185
104,Bhavani,Erode,Kongu,GEN,11.184050450629393,3.5502560927021984
105,Anthiyur,Erode,Kongu,GEN,0.7228505825325282,0.6782398062171983
106,Gobichettipalayam,Tirupur,Kongu,GEN,13.32969325325157,7.563931606038402
107,Bhavanisagar,Tirupur,Kongu,SC,7.981372808089067,2.129126960087607
108,Udhagamandalam,Tirupur,Kongu,GEN,3.7901659792207054,0.6563374219926835
109,Gudalur,Tirupur,Kongu,SC,1.4068003790043182,15.097096686744996
110,Coonoor,Tirupur,Kongu,GEN,3.0204255820113604,5.727965825989787
111,Mettupalayam,Tirupur,Kongu,GEN,1.0911530413225343,3.1794498176564248
112,Avanashi,Tirupur,Kongu,SC,23.939574936390954,6.6377374784110525
113,Tiruppur (North),Tirupur,Kongu,GEN,16.843069065739293,26.566764215792332
114,Tiruppur (South),Nilgiris,Kongu,GEN,2.699836026098224,7.174636012768749
115,Palladam,Nilgiris,Kongu,GEN,12.500812585321459,12.589779877347897
116,Sulur,Nilgiris,Kongu,GEN,13.213988653151421,1.7510894042640306
117,Kavundampalayam,Coimbatore,Kongu,GEN,3.154382772217167,11.57720932660423
118,Coimbatore North,Coimbatore,Kongu,GEN,1.9728894126696876,9.726282456691242
119,Thondamuthur,Coimbatore,Kongu,GEN,18.058308860847347,5.695245388688411
120,Coimbatore South,Coimbatore,Kongu,GEN,1.1165315155235356,1.4511274832427046
121,Singanallur,Coimbatore,Kongu,GEN,5.372708777800328,8.658888039342541
122,Kinathukadavu,Coimbatore,Kongu,GEN,0.4710994471572698,4.370756614921786
123,Pollachi,Coimbatore,Kongu,GEN,0.9728833442371467,2.5535883794344247
124,Valparai,Coimbatore,Kongu,SC,8.419667704516023,6.229434092706955
125,Udumalpet,Coimbatore,Kongu,GEN,11.265293942106833,1.4156944615006755
126,Madathukulam,Coimbatore,Kongu,GEN,3.539268397268859,8.482382376533208
127,Palani,Dindigul,South,GEN,14.634051337981537,0.3321845086018052
128,Oddanchatram,Dindigul,South,GEN,14.245920815242174,21.45032337420148
129,Athoor,Dindigul,South,GEN,58.95929372879881,9.430692756226206
130,Nilakottai,Dindigul,South,SC,14.944400854955223,1.4803155982246334
131,Natham,Dindigul,South,GEN,5.2973664115359345,4.963201471941122
132,Dindigul,Dindigul,South,GEN,9.095521684314107,0.5334301777157302
133,Vedasandur,Dindigul,South,GEN,8.237751079406795,4.441766642831289
134,Aravakurichi,Karur,Kongu,GEN,14.0113147464345,10.703674659538983
135,Karur,Karur,Kongu,GEN,6.004534272345762,0.8398323102537022
136,Krishnarayapuram,Karur,Kongu,SC,17.48184099678279,1.8499448132363736
137,Kulithalai,Karur,Kongu,GEN,11.921643302811766,0.2769129230813378
138,Manapparai,Tiruchirappalli,Delta,GEN,5.521132095892635,0.5911713982488724
139,Srirangam,Tiruchirappalli,Delta,GEN,8.28962703962704,13.173323921014962
140,Tiruchirapalli (West),Tiruchirappalli,Delta,GEN,46.482504000568,2.437521327038356
141,Tiruchirapalli (East),Tiruchirappalli,Delta,GEN,31.122437173138334,15.023041979692373
142,Thiruverambur,Tiruchirappalli,Delta,GEN,25.22523894362301,4.075698908621004
143,Lalgudi,Tiruchirappalli,Delta,GEN,9.698776565915516,1.4788378785506417
144,Manachanallur,Tiruchirappalli,Delta,GEN,30.30617276419665,5.8937934979502336
145,Musiri,Tiruchirappalli,Delta,GEN,14.933279912746375,9.221691753770997
146,Thuraiyur,Tiruchirappalli,Delta,SC,12.549182378493938,5.2129309316473815
147,Perambalur,Perambalur,Central,SC,12.929432644796815,5.674264943584568
148,Kunnam,Perambalur,Central,GEN,2.878401302534576,6.7471917422041034
149,Ariyalur,Ariyalur,Central,GEN,1.435897435897436,10.386758134131552
150,Jayankondam,Ariyalur,Central,GEN,2.519781113658212,8.090204245935208
151,Tittakudi,Cuddalore,Central,SC,12.82107691575893,1.4958407774502998
152,Vriddhachalam,Cuddalore,Central,GEN,0.4381550723311679,1.1410897478798774
153,Neyveli,Cuddalore,Central,GEN,0.5952598549929934,6.494845360824743
154,Panruti,Cuddalore,Central,GEN,2.3836710665874983,5.059141136895245
155,Cuddalore,Cuddalore,Central,GEN,2.83020422964709,8.151677189591235
156,Kurinjipadi,Cuddalore,Central,GEN,8.817241084409476,3.5468417731872037
157,Bhuvanagiri,Cuddalore,Central,GEN,4.1888773362412195,1.1996526940330905
158,Chidambaram,Cuddalore,Central,GEN,9.237423098739038,2.9234024803393934
159,Kattumannarkoil,Cuddalore,Central,SC,6.0178513451165125,17.595593518001117
160,Sirkali,Nagapattinam,Delta,SC,6.349405461910362,5.6957415389527455
161,Mayiladuthurai,Nagapattinam,Delta,GEN,1.5700870361887311,5.75450623736476
162,Poompuhar,Nagapattinam,Delta,GEN,1.5872939500957477,3.7661177071364738
163,Nagapattinam,Nagapattinam,Delta,GEN,5.041794371691279,6.463529069690602
164,Kilvelur,Nagapattinam,Delta,SC,11.87803769362565,1.5022718729597657
165,Vedaranyam,Nagapattinam,Delta,GEN,7.800202454764013,4.519282931400109
166,Thiruthuraipundi,Tiruvarur,Delta,SC,16.175505417298773,6.764382557713448
167,Mannargudi,Tiruvarur,Delta,GEN,19.35165011463083,0.8068006182380216
168,Thiruvarur,Tiruvarur,Delta,GEN,24.56863027509722,8.32954675846242
169,Nannilam,Tiruvarur,Delta,GEN,1.9932956060988358,18.027687043086015
170,Thiruvidamarudur,Thanjavur,Delta,SC,5.381816715882406,6.755877172830997
171,Kumbakonam,Thanjavur,Delta,GEN,10.823328136705069,0.32599093562759257
172,Papanasam,Thanjavur,Delta,GEN,8.261160918256492,0.5127020118138098
173,Thiruvaiyaru,Thanjavur,Delta,GEN,25.374828548455753,3.8516777647212432
174,Thanjavur,Thanjavur,Delta,GEN,24.196470268245243,8.52875783458586
175,Orathanad,Thanjavur,Delta,GEN,15.030754795663054,17.935116536271657
176,Pattukkottai,Thanjavur,Delta,GEN,14.26015801354402,7.485373751666711
177,Peravurani,Thanjavur,Delta,GEN,13.75651155984782,1.7937982912965043
178,Gandharvakottai,Pudukkottai,Delta,SC,8.07067631011293,6.5858082067558374
179,Viralimalai,Pudukkottai,Delta,GEN,12.200203698629428,30.439729110783098
180,Pudukkottai,Pudukkottai,Delta,GEN,7.227114046205502,0.9806805408187921
181,Thirumayam,Pudukkottai,Delta,GEN,0.7941113939470554,0.8170328346439446
182,Alangudi,Pudukkottai,Delta,GEN,15.041142444803949,7.190150872935401
183,Arantangi,Pudukkottai,Delta,GEN,18.38343806531467,5.506484977836152
184,Karaikudi,Sivaganga,South,GEN,10.161633467635651,20.096219691451452
185,Tiruppattur,Sivaganga,South,GEN,17.732461592476962,0.0004635853692457466
186,Sivaganga,Sivaganga,South,GEN,5.569578903605155,7.044990587059191
187,Manamadurai,Sivaganga,South,SC,6.939294103742225,0.5789794050123895
188,Melur,Madurai,South,GEN,19.23712400564607,1.4282268804462948
189,Madurai East,Madurai,South,GEN,20.851478822322736,6.093178085621911
190,Sholavandan,Madurai,South,SC,9.719949133501748,1.416331711444891
191,Madurai North,Madurai,South,GEN,14.637573775518026,11.148262371678792
192,Madurai South,Madurai,South,GEN,4.406999790303924,15.214518420104167
193,Madurai Central,Madurai,South,GEN,22.870909455932544,12.87335280578251
194,Madurai West,Madurai,South,GEN,4.522196991482146,5.513324676644964
195,Thiruparankundram,Madurai,South,GEN,12.503339000801361,16.265569586559465
196,Thirumangalam,Madurai,South,GEN,6.388807002426359,10.306952982942246
197,Usilampatti,Madurai,South,GEN,3.5183729936521533,0.8056309362279511
198,Andipatti,Theni,South,GEN,4.074639686933282,4.396099922237713
199,Periyakulam,Theni,South,SC,10.565568368211618,9.147810936087005
200,Bodinayakanur,Theni,South,GEN,5.130938802113643,3.084377322914589
201,Cumbum,Theni,South,GEN,20.96798912371771,0.3566442200841509
202,Rajapalayam,Virudhunagar,South,GEN,2.1812118092083175,5.7944486941317885
203,Srivilliputhur,Virudhunagar,South,SC,6.883954193440302,4.435290043469047
204,Sattur,Virudhunagar,South,GEN,5.828983799398278,3.013575935672809
205,Sivakasi,Virudhunagar,South,GEN,9.359243867774133,6.0304779425063435
206,Virudhunagar,Virudhunagar,South,GEN,13.195273224212666,5.595476428809762
207,Aruppukottai,Virudhunagar,South,GEN,22.80010046670288,2.770538021332526
208,Tiruchuli,Virudhunagar,South,GEN,35.29404956860385,7.4399999999999995
209,Paramakudi,Ramanathapuram,South,SC,7.293119160289418,1.8697991599605803
210,Tiruvadanai,Ramanathapuram,South,GEN,6.863711815276368,1.140831131570107
211,Ramanathapuram,Ramanathapuram,South,GEN,23.577520574690094,5.244216587534094
212,Mudukulathur,Ramanathapuram,South,GEN,9.366990185929398,7.173697881775315
213,Vilathikulam,Thoothukudi,South,GEN,23.05989746902835,4.706716853341265
214,Thoothukkudi,Thoothukudi,South,GEN,26.70282951270388,18.431259525577396
215,Tiruchendur,Thoothukudi,South,GEN,14.474377778796352,3.1561408223595806
216,Srivaikuntam,Thoothukudi,South,GEN,10.567809910819657,0.672255570481972
217,Ottapidaram,Thoothukudi,South,SC,4.785200179937022,14.82941305445219
218,Kovilpatti,Thoothukudi,South,GEN,6.855213123452423,0.43401705177313726
219,Sankarankovil,Tirunelveli,South,SC,2.8891991840207703,3.3026262214983713
220,Vasudevanallur,Tirunelveli,South,SC,1.3457963054565303,3.4684791485550197
221,Kadayanallur,Tirunelveli,South,GEN,11.855931130522851,2.8172885006150006
222,Tenkasi,Tirunelveli,South,GEN,0.17280998374652046,4.38279564401435
223,Alangulam,Tirunelveli,South,GEN,1.7392543665654272,3.530791417070774
224,Tirunelveli,Tirunelveli,South,GEN,11.694595292200399,5.225592308572737
225,Ambasamudram,Tirunelveli,South,GEN,9.519869879165471,5.358403723946756
226,Palayamcottai,Tirunelveli,South,GEN,32.36741965721238,7.643118148599269
227,Nanguneri,Tirunelveli,South,GEN,8.56317719533352,7.840262822380013
228,Radhapuram,Tirunelveli,South,GEN,3.163205381453206,6.158624725530308
229,Kanniyakumari,Kanniyakumari,South,GEN,7.209815274331404,0.08948358770646038
230,Nagercoil,Kanniyakumari,South,GEN,6.335477916225535,3.856735276136132
231,Colachel,Kanniyakumari,South,GEN,13.57169793790205,1.4235250963504897
232,Padmanabhapuram,Kanniyakumari,South,GEN,15.800206868990808,8.622857301099387
233,Vilavancode,Kanniyakumari,South,GEN,17.081555804475798,11.987857792107565
234,Killiyoor,Kanniyakumari,South,GEN,32.60396191103944,0.7384500996992126
